debias,prej,neural,ensemble
0.9403032024116388,0.6893042637999758,0.63166871586203,0.63166871586203
0.5886789852256402,0.6505930374941038,0.6035709750729319,0.6047521315799239
0.6397161776956971,0.6490670885835528,0.642801625498088,0.6397161776956971
0.637875813359671,0.6767798656078573,0.6234659681783531,0.6329990869578387
