debias,prej,neural,ensemble
0.6173073392268877,0.0,0.0,0.0
0.5886789852256402,0.0,0.0,0.0
0.6393942269268518,0.0,0.0,0.0
0.5799991634052867,0.0,0.0,0.0
