,Mean Difference,Disparate Impact,Equal Opportunity Difference,Average Odds Difference,Theil Index
0,-0.024915641936566674,0.8370389378409189,-0.4674674674674675,-0.0577262044653349,0.17758844851881228
1,-0.0225923497157961,0.8568923324356456,-0.48063555114200596,-0.05980017631501616,0.17578957736663375
2,-0.044347349931534,0.7205111598773348,-0.47214673913043476,-0.061511423550087874,0.17742863068330247
3,-0.021115969325670197,0.8639313345144409,-0.4754754754754755,-0.05887084978791868,0.17859033732711427
4,-0.01961789106469436,0.8766522629784298,-0.4784172661870504,-0.06056969112582432,0.1779044220026457
5,0.00864145793991078,1.054495602262873,-0.44823877776294174,-0.05768536763277047,0.17696425952167366
6,-0.03486640681088146,0.7755923446410757,-0.472,-0.057998819362455725,0.17766970111176353
7,-0.025138541879056953,0.8379157669399613,-0.47477744807121663,-0.05766671595445808,0.17875179836288166
8,-0.02771442981370764,0.8169650275475104,-0.46424974823766363,-0.05717439293598234,0.17795111389823248
9,-0.014195472581564589,0.9061935735182534,-0.4430018037969032,-0.052814059541770486,0.17564444457786765
