debias,prej,neural,ensemble
-0.008030357316394093,-0.06478782600920469,-0.07375661715488943,-0.07375661715488943
-0.08531968278859259,-0.07598732703979455,-0.0823915813934073,-0.08198565486610873
-0.07273799645179888,-0.07488138467653987,-0.07211507286375901,-0.07273799645179888
-0.07264123134027617,-0.06883330082305367,-0.07727753877897389,-0.0741866671531754
