debias,prej,neural,ensemble
0.32242008860941435,1.2386249800444022,0.0814381650878182,0.340979073680366
0.09847674046560492,1.1124752322793088,0.09847674046560492,0.09847674046560492
0.29064524989697865,1.0588994286076903,0.07235356100763546,0.29064524989697865
0.08901354411033126,1.127616616342329,0.08901354411033126,0.08901354411033126
