debias,prej,neural,ensemble
0.6452020202020202,0.6003787878787878,0.6553030303030303,0.648989898989899
0.6540404040404041,0.6212121212121212,0.6691919191919192,0.672979797979798
0.6597222222222222,0.5176767676767676,0.6546717171717171,0.6571969696969697
0.6496212121212122,0.6092171717171717,0.6546717171717171,0.648989898989899
