debias,prej,neural,ensemble
0.6609848484848485,0.6748737373737373,0.6590909090909091,0.6609848484848485
0.6559343434343434,0.6666666666666666,0.6578282828282829,0.6578282828282829
0.6597222222222222,0.663510101010101,0.6578282828282829,0.6597222222222222
0.6325757575757576,0.6508838383838383,0.6313131313131313,0.6325757575757576
