debias,prej,neural,ensemble
0.4744491326769808,0.7811609077431863,0.6319737458977964,0.6000937646507267
0.49727961702585016,0.8350131180414118,0.6474017655619559,0.630513023851644
0.7293700787401574,1.3519756621331427,0.7354992390657049,0.7174131922034335
0.39757293620483153,0.9074664864610016,0.7034565022181121,0.5930600438408171
