debias,prej,neural,ensemble
0.03548259493670891,0.03548259493670891,0.03548259493670891,0.03548259493670891
0.04284525279705775,0.04284525279705775,0.04284525279705775,0.04284525279705775
-0.13678720096293695,-0.13678720096293695,-0.13678720096293695,-0.13678720096293695
0.09386530387208952,0.09386530387208952,0.09386530387208952,0.09386530387208952
