debias,prej,neural,ensemble
0.2107948741586441,0.21763970330222918,0.21035175320747268,0.2107948741586441
0.22371979347078982,0.2046675725422067,0.2037118219475212,0.21731983433274504
0.2062019803621766,0.18957831370622533,0.2084659600974812,0.2062019803621766
0.2243885391875485,0.21063970082004294,0.2266201999794701,0.2243885391875485
