,Mean Difference,Disparate Impact,Theil Index
0,0.0,,0.3807724955177929
1,0.0,,0.39057649561441365
2,-0.014218009478672985,0.0,0.3747141974389488
3,0.05876625236267828,13.987341772151899,0.27936858700609446
4,0.0,,0.37590630586661994
5,0.0,,0.4004775665971252
6,0.0,,0.3710636813908322
7,-0.00966183574879227,0.0,0.4042345681377624
8,0.0,,0.32388512111574147
9,0.01,2.0,0.36201558163860553
