,Adversarial,Prejudice,Nondebiased,Ensemble
Accuracy,0.71,0.7233333333333334,0.7,0.71
Mean difference,-0.02819665358397025,-0.0048543689320388345,-0.05246849824416443,-0.02819665358397025
Disparate impact,0.27393617021276595,0.0,0.1685761047463175,0.27393617021276595
Equal Opportunity Difference,-0.037037037037037035,-0.037037037037037035,-0.05555555555555555,-0.037037037037037035
Average Odds Difference,-0.0306796030480241,-0.01216108452950558,-0.05309675704412546,-0.0306796030480241
Theil Index,0.32158162249567596,0.3210408560776905,0.32277457700850665,0.32158162249567596
