,Mean Difference,Disparate Impact,Equal Opportunity Difference,Average Odds Difference,Theil Index
0,0.18998579545454547,2.8013468013468015,0.2878787878787879,0.0,1.0231977611494518
1,0.21805210918114143,3.0028490028490027,0.2802254098360656,0.0,1.1170118365390502
2,0.0,,0.0,0.0,1.1711829815029455
3,0.013371457404759902,2.6914893617021276,0.017543859649122806,0.0,1.168315415711696
4,0.017324026574720375,5.382978723404255,0.01694915254237288,0.0,1.1970623145758554
5,0.1400198609731877,2.3301886792452833,0.3442622950819672,0.0,0.9921613202288573
6,0.12810457516339868,2.361111111111111,0.2833333333333333,0.0,1.0929335949970276
7,0.10846410277258314,2.1343537414965987,0.28851540616246496,0.0,1.0858251950596771
8,-0.023715415019762844,0.0,0.07142857142857142,0.0,1.0285074608841467
9,0.17359269083407017,2.294505494505495,0.35046778093135705,0.0,0.9697823345306756
